{
  "left": 0.04999999999999999,
  "right": 1.05,
  "top": -5.0,
  "bottom": 1.4,
  "gc_left": -0.28000000000000036,
  "gc_right": 3.199999999999996,
  "gc_top": -0.5499999999999998,
  "gc_bottom": 0.39999999999999997,
  "pl_left": 6.05,
  "pl_right": 10.799999999999997,
  "pl_top": -3.9500000000000037,
  "pl_bottom": -3.1999999999999966
}