{
  "x": 0.08,
  "y": 1.024,
  "w": 0.05,
  "h": 0.048,
  "gc_x": 0.01,
  "gc_y": 0.7600000000000005,
  "gc_w": 0.30000000000000016,
  "gc_h": 0.12000000000000001,
  "pl_x": 0.5600000000000003,
  "pl_y": 0.37000000000000016,
  "pl_w": 0.41000000000000003,
  "pl_h": 0.09000000000000002
}