{
  "left": -0.25,
  "right": 1.05,
  "top": 1.05,
  "bottom": 1.4,
  "gc_left": -0.28000000000000036,
  "gc_right": 3.199999999999996,
  "gc_top": -0.5499999999999998,
  "gc_bottom": 0.39999999999999997
}